id_venda,data_venda,produto,categoria,quantidade,preco_unitario,vendedor,regiao,faturamento
1,2024-07-21,Monitor,Eletrônicos,5,1800,Mariana,Sudeste,9000
2,2023-10-02,Mouse,Eletrônicos,2,80,Pedro,Sul,160
3,2023-09-10,Mouse,Eletrônicos,1,80,Pedro,Nordeste,80
4,2024-12-30,Mouse,Eletrônicos,1,80,Lucas,Sul,80
5,2024-10-02,Teclado,Eletrônicos,1,120,Mariana,Sul,120
6,2024-10-18,Teclado,Eletrônicos,2,120,Pedro,Sudeste,240
7,2024-04-06,Notebook,Eletrônicos,1,3500,Ana,Nordeste,3500
8,2023-12-02,Monitor,Eletrônicos,1,1800,Ana,Sudeste,1800
9,2024-12-06,Mouse,Eletrônicos,4,80,Lucas,Sul,320
10,2024-06-14,Mouse,Eletrônicos,5,80,Mariana,Nordeste,400
11,2023-11-19,Notebook,Eletrônicos,5,3500,Ana,Nordeste,17500
12,2024-11-18,Mesa,Escritório,5,1200,Mariana,Sul,6000
13,2023-07-08,Teclado,Eletrônicos,3,120,Mariana,Sudeste,360
14,2024-03-02,Cadeira,Escritório,3,900,Ana,Sudeste,2700
15,2023-06-26,Notebook,Eletrônicos,2,3500,Ana,Sudeste,7000
16,2023-12-09,Mesa,Escritório,5,1200,Ana,Sudeste,6000
17,2024-08-13,Cadeira,Escritório,4,900,Mariana,Sudeste,3600
18,2023-01-02,Mouse,Eletrônicos,1,80,Ana,Sul,80
19,2024-12-30,Mesa,Escritório,1,1200,Ana,Sudeste,1200
20,2024-03-15,Cadeira,Escritório,4,900,Mariana,Nordeste,3600
21,2024-12-03,Mesa,Escritório,3,1200,Mariana,Sul,3600
22,2023-09-25,Mouse,Eletrônicos,3,80,Mariana,Nordeste,240
23,2024-04-15,Monitor,Eletrônicos,5,1800,Mariana,Sul,9000
24,2023-08-20,Notebook,Eletrônicos,3,3500,Mariana,Sudeste,10500
25,2023-12-31,Mesa,Escritório,1,1200,Ana,Sul,1200
26,2024-10-04,Monitor,Eletrônicos,1,1800,Pedro,Sudeste,1800
27,2024-10-12,Cadeira,Escritório,3,900,Pedro,Sudeste,2700
28,2024-11-09,Teclado,Eletrônicos,2,120,Mariana,Sudeste,240
29,2023-04-06,Notebook,Eletrônicos,4,3500,Ana,Sudeste,14000
30,2024-10-01,Monitor,Eletrônicos,2,1800,Mariana,Sudeste,3600
31,2023-12-20,Mesa,Escritório,5,1200,Lucas,Sul,6000
32,2024-11-01,Cadeira,Escritório,1,900,Ana,Nordeste,900
33,2023-10-15,Cadeira,Escritório,5,900,Ana,Nordeste,4500
34,2024-03-16,Mouse,Eletrônicos,2,80,Pedro,Sul,160
35,2024-07-23,Teclado,Eletrônicos,5,120,Lucas,Nordeste,600
36,2023-09-07,Notebook,Eletrônicos,4,3500,Mariana,Nordeste,14000
37,2024-02-03,Teclado,Eletrônicos,3,120,Pedro,Sul,360
38,2023-04-22,Mouse,Eletrônicos,2,80,Pedro,Nordeste,160
39,2023-10-02,Mouse,Eletrônicos,4,80,Lucas,Sudeste,320
40,2023-04-06,Mesa,Escritório,2,1200,Ana,Nordeste,2400
41,2023-07-30,Mesa,Escritório,1,1200,Ana,Sul,1200
42,2023-12-23,Cadeira,Escritório,3,900,Ana,Sudeste,2700
43,2024-02-22,Mesa,Escritório,1,1200,Ana,Nordeste,1200
44,2024-02-27,Teclado,Eletrônicos,5,120,Ana,Sul,600
45,2023-11-12,Mouse,Eletrônicos,1,80,Ana,Sudeste,80
46,2023-03-14,Mesa,Escritório,4,1200,Pedro,Sul,4800
47,2024-05-02,Monitor,Eletrônicos,2,1800,Ana,Sudeste,3600
48,2024-09-24,Cadeira,Escritório,3,900,Lucas,Nordeste,2700
49,2023-10-16,Cadeira,Escritório,5,900,Mariana,Sul,4500
50,2023-11-02,Monitor,Eletrônicos,4,1800,Ana,Sudeste,7200
51,2023-10-11,Notebook,Eletrônicos,5,3500,Ana,Nordeste,17500
52,2024-11-12,Mesa,Escritório,3,1200,Lucas,Sudeste,3600
53,2024-05-09,Notebook,Eletrônicos,3,3500,Pedro,Nordeste,10500
54,2023-12-16,Teclado,Eletrônicos,1,120,Mariana,Sul,120
55,2024-10-13,Monitor,Eletrônicos,4,1800,Ana,Nordeste,7200
56,2024-02-29,Monitor,Eletrônicos,3,1800,Mariana,Sudeste,5400
57,2023-12-20,Mesa,Escritório,1,1200,Pedro,Sudeste,1200
58,2023-07-29,Teclado,Eletrônicos,3,120,Lucas,Nordeste,360
59,2024-01-21,Cadeira,Escritório,1,900,Ana,Nordeste,900
60,2024-05-28,Mesa,Escritório,1,1200,Pedro,Sul,1200
61,2024-02-18,Monitor,Eletrônicos,5,1800,Ana,Sudeste,9000
62,2023-02-02,Mesa,Escritório,2,1200,Pedro,Nordeste,2400
63,2023-02-04,Mouse,Eletrônicos,3,80,Mariana,Sudeste,240
64,2023-08-04,Monitor,Eletrônicos,1,1800,Ana,Sudeste,1800
65,2023-11-14,Monitor,Eletrônicos,3,1800,Lucas,Sudeste,5400
66,2023-09-08,Mouse,Eletrônicos,1,80,Mariana,Sul,80
67,2024-02-04,Teclado,Eletrônicos,5,120,Ana,Sul,600
68,2024-09-09,Teclado,Eletrônicos,4,120,Ana,Sudeste,480
69,2024-10-27,Mouse,Eletrônicos,1,80,Lucas,Sudeste,80
70,2024-12-02,Cadeira,Escritório,1,900,Pedro,Sul,900
71,2023-07-04,Teclado,Eletrônicos,4,120,Mariana,Sudeste,480
72,2023-11-25,Cadeira,Escritório,1,900,Pedro,Sudeste,900
73,2024-08-04,Notebook,Eletrônicos,1,3500,Ana,Sul,3500
74,2024-07-03,Notebook,Eletrônicos,3,3500,Ana,Nordeste,10500
75,2023-04-06,Mesa,Escritório,3,1200,Lucas,Sul,3600
76,2023-03-30,Cadeira,Escritório,5,900,Pedro,Sudeste,4500
77,2023-08-25,Mesa,Escritório,3,1200,Pedro,Sul,3600
78,2024-08-10,Mesa,Escritório,3,1200,Ana,Sul,3600
79,2024-04-19,Monitor,Eletrônicos,2,1800,Lucas,Nordeste,3600
80,2023-05-22,Mouse,Eletrônicos,5,80,Ana,Sudeste,400
81,2024-10-08,Notebook,Eletrônicos,5,3500,Mariana,Nordeste,17500
82,2024-01-27,Notebook,Eletrônicos,5,3500,Ana,Sul,17500
83,2024-03-11,Mouse,Eletrônicos,4,80,Lucas,Sudeste,320
84,2024-09-15,Notebook,Eletrônicos,5,3500,Ana,Sudeste,17500
85,2023-06-27,Monitor,Eletrônicos,4,1800,Pedro,Sul,7200
86,2024-04-05,Teclado,Eletrônicos,5,120,Pedro,Sudeste,600
87,2024-11-06,Notebook,Eletrônicos,5,3500,Pedro,Nordeste,17500
88,2023-02-14,Cadeira,Escritório,2,900,Lucas,Sul,1800
89,2024-02-04,Notebook,Eletrônicos,2,3500,Ana,Sul,7000
90,2023-02-07,Notebook,Eletrônicos,1,3500,Pedro,Sul,3500
91,2023-12-13,Mesa,Escritório,5,1200,Pedro,Sudeste,6000
92,2023-04-24,Mesa,Escritório,5,1200,Mariana,Sul,6000
93,2024-05-06,Mouse,Eletrônicos,2,80,Pedro,Sudeste,160
94,2023-08-20,Cadeira,Escritório,2,900,Mariana,Nordeste,1800
95,2024-08-02,Mesa,Escritório,5,1200,Pedro,Nordeste,6000
96,2023-12-02,Mouse,Eletrônicos,3,80,Ana,Nordeste,240
97,2024-03-09,Notebook,Eletrônicos,5,3500,Pedro,Sudeste,17500
98,2023-06-21,Mouse,Eletrônicos,1,80,Mariana,Sudeste,80
99,2023-04-27,Mesa,Escritório,5,1200,Pedro,Sudeste,6000
100,2024-05-07,Notebook,Eletrônicos,2,3500,Mariana,Sul,7000
101,2024-07-07,Teclado,Eletrônicos,1,120,Ana,Sul,120
102,2024-12-28,Teclado,Eletrônicos,3,120,Mariana,Nordeste,360
103,2024-08-28,Monitor,Eletrônicos,4,1800,Ana,Sul,7200
104,2024-05-10,Cadeira,Escritório,3,900,Pedro,Sul,2700
105,2024-12-04,Monitor,Eletrônicos,2,1800,Pedro,Sudeste,3600
106,2024-10-18,Teclado,Eletrônicos,2,120,Ana,Sudeste,240
107,2023-06-22,Teclado,Eletrônicos,2,120,Pedro,Sul,240
108,2023-10-23,Monitor,Eletrônicos,1,1800,Lucas,Sudeste,1800
109,2023-10-12,Teclado,Eletrônicos,5,120,Pedro,Sul,600
110,2023-06-04,Monitor,Eletrônicos,1,1800,Ana,Sul,1800
111,2024-07-08,Mesa,Escritório,3,1200,Pedro,Nordeste,3600
112,2024-07-14,Mesa,Escritório,2,1200,Pedro,Sudeste,2400
113,2023-10-15,Monitor,Eletrônicos,5,1800,Ana,Sudeste,9000
114,2024-11-12,Cadeira,Escritório,3,900,Lucas,Sudeste,2700
115,2024-05-23,Monitor,Eletrônicos,1,1800,Pedro,Sul,1800
116,2024-06-23,Teclado,Eletrônicos,2,120,Ana,Nordeste,240
117,2024-04-11,Notebook,Eletrônicos,3,3500,Ana,Nordeste,10500
118,2023-11-12,Mesa,Escritório,4,1200,Mariana,Sudeste,4800
119,2024-06-29,Mouse,Eletrônicos,5,80,Lucas,Sul,400
120,2023-12-31,Notebook,Eletrônicos,2,3500,Lucas,Nordeste,7000
121,2023-06-10,Monitor,Eletrônicos,1,1800,Mariana,Nordeste,1800
122,2024-04-03,Mesa,Escritório,3,1200,Mariana,Sul,3600
123,2023-03-03,Cadeira,Escritório,1,900,Lucas,Sudeste,900
124,2023-04-07,Monitor,Eletrônicos,1,1800,Mariana,Sul,1800
125,2023-03-25,Monitor,Eletrônicos,1,1800,Ana,Sudeste,1800
126,2024-04-13,Notebook,Eletrônicos,2,3500,Lucas,Sudeste,7000
127,2024-08-14,Notebook,Eletrônicos,1,3500,Pedro,Sul,3500
128,2024-01-18,Teclado,Eletrônicos,4,120,Pedro,Sul,480
129,2023-08-21,Mouse,Eletrônicos,5,80,Mariana,Sudeste,400
130,2024-01-05,Mesa,Escritório,4,1200,Ana,Sudeste,4800
131,2023-12-31,Teclado,Eletrônicos,4,120,Lucas,Sudeste,480
132,2024-09-26,Cadeira,Escritório,4,900,Ana,Nordeste,3600
133,2023-07-11,Mesa,Escritório,1,1200,Pedro,Sul,1200
134,2024-03-22,Notebook,Eletrônicos,4,3500,Mariana,Sul,14000
135,2024-07-11,Mesa,Escritório,3,1200,Lucas,Sudeste,3600
136,2023-08-29,Mouse,Eletrônicos,3,80,Pedro,Nordeste,240
137,2024-12-15,Mouse,Eletrônicos,4,80,Mariana,Sul,320
138,2024-06-04,Notebook,Eletrônicos,4,3500,Ana,Sudeste,14000
139,2024-01-13,Cadeira,Escritório,3,900,Pedro,Sudeste,2700
140,2024-04-17,Notebook,Eletrônicos,1,3500,Mariana,Sudeste,3500
141,2024-04-29,Teclado,Eletrônicos,1,120,Pedro,Nordeste,120
142,2023-08-05,Teclado,Eletrônicos,4,120,Ana,Nordeste,480
143,2024-06-22,Mouse,Eletrônicos,3,80,Lucas,Nordeste,240
144,2024-01-01,Mesa,Escritório,1,1200,Ana,Sudeste,1200
145,2023-05-30,Notebook,Eletrônicos,1,3500,Ana,Nordeste,3500
146,2024-07-05,Notebook,Eletrônicos,1,3500,Ana,Sul,3500
147,2024-03-27,Notebook,Eletrônicos,3,3500,Ana,Nordeste,10500
148,2023-03-26,Mouse,Eletrônicos,1,80,Lucas,Sul,80
149,2024-01-19,Cadeira,Escritório,4,900,Pedro,Sudeste,3600
150,2024-07-31,Mouse,Eletrônicos,3,80,Ana,Nordeste,240
151,2024-04-25,Mouse,Eletrônicos,4,80,Ana,Sul,320
152,2024-08-11,Cadeira,Escritório,5,900,Lucas,Sudeste,4500
153,2023-08-31,Teclado,Eletrônicos,1,120,Pedro,Sudeste,120
154,2023-06-10,Teclado,Eletrônicos,4,120,Ana,Sudeste,480
155,2023-05-01,Teclado,Eletrônicos,4,120,Mariana,Sul,480
156,2023-07-21,Notebook,Eletrônicos,4,3500,Mariana,Nordeste,14000
157,2023-11-06,Teclado,Eletrônicos,4,120,Pedro,Sul,480
158,2023-10-19,Mouse,Eletrônicos,5,80,Ana,Nordeste,400
159,2023-06-13,Mesa,Escritório,4,1200,Mariana,Nordeste,4800
160,2024-02-13,Mesa,Escritório,2,1200,Pedro,Nordeste,2400
161,2023-07-01,Cadeira,Escritório,4,900,Lucas,Sul,3600
162,2024-09-22,Mesa,Escritório,5,1200,Lucas,Sudeste,6000
163,2024-01-29,Cadeira,Escritório,5,900,Mariana,Sul,4500
164,2023-01-18,Mouse,Eletrônicos,1,80,Lucas,Nordeste,80
165,2024-04-23,Mouse,Eletrônicos,2,80,Pedro,Sul,160
166,2023-06-21,Cadeira,Escritório,4,900,Pedro,Nordeste,3600
167,2023-01-24,Teclado,Eletrônicos,4,120,Pedro,Sudeste,480
168,2024-01-14,Monitor,Eletrônicos,1,1800,Mariana,Nordeste,1800
169,2023-02-14,Mesa,Escritório,3,1200,Lucas,Sul,3600
170,2023-12-23,Mesa,Escritório,5,1200,Ana,Sul,6000
171,2023-07-26,Mouse,Eletrônicos,1,80,Mariana,Sul,80
172,2023-07-29,Monitor,Eletrônicos,1,1800,Lucas,Sudeste,1800
173,2024-04-27,Monitor,Eletrônicos,2,1800,Lucas,Sudeste,3600
174,2023-12-09,Cadeira,Escritório,4,900,Lucas,Sudeste,3600
175,2024-07-06,Mesa,Escritório,1,1200,Mariana,Sul,1200
176,2023-07-27,Cadeira,Escritório,4,900,Lucas,Sul,3600
177,2023-09-16,Teclado,Eletrônicos,5,120,Lucas,Nordeste,600
178,2023-07-31,Monitor,Eletrônicos,5,1800,Lucas,Sudeste,9000
179,2023-06-01,Monitor,Eletrônicos,1,1800,Ana,Sudeste,1800
180,2024-11-07,Cadeira,Escritório,5,900,Pedro,Sul,4500
181,2024-05-30,Mouse,Eletrônicos,5,80,Mariana,Sudeste,400
182,2024-04-03,Mesa,Escritório,2,1200,Mariana,Sul,2400
183,2023-04-15,Notebook,Eletrônicos,5,3500,Lucas,Sul,17500
184,2023-03-19,Mouse,Eletrônicos,2,80,Mariana,Sul,160
185,2024-07-19,Monitor,Eletrônicos,3,1800,Ana,Sul,5400
186,2024-08-30,Monitor,Eletrônicos,2,1800,Ana,Nordeste,3600
187,2024-02-22,Notebook,Eletrônicos,4,3500,Pedro,Sul,14000
188,2024-04-09,Notebook,Eletrônicos,5,3500,Lucas,Nordeste,17500
189,2023-10-11,Cadeira,Escritório,2,900,Mariana,Nordeste,1800
190,2024-12-19,Mesa,Escritório,2,1200,Pedro,Sudeste,2400
191,2024-07-01,Monitor,Eletrônicos,5,1800,Pedro,Sudeste,9000
192,2024-08-31,Cadeira,Escritório,3,900,Pedro,Sudeste,2700
193,2023-04-27,Notebook,Eletrônicos,2,3500,Pedro,Sudeste,7000
194,2023-09-22,Mesa,Escritório,4,1200,Lucas,Nordeste,4800
195,2024-12-16,Mesa,Escritório,3,1200,Mariana,Sul,3600
196,2024-01-08,Monitor,Eletrônicos,5,1800,Mariana,Sudeste,9000
197,2024-01-07,Teclado,Eletrônicos,3,120,Pedro,Sul,360
198,2023-04-11,Mouse,Eletrônicos,1,80,Mariana,Sudeste,80
199,2023-10-08,Notebook,Eletrônicos,3,3500,Lucas,Sudeste,10500
200,2024-09-28,Mesa,Escritório,3,1200,Mariana,Sul,3600
201,2023-06-17,Cadeira,Escritório,3,900,Ana,Sul,2700
202,2023-03-03,Monitor,Eletrônicos,1,1800,Ana,Nordeste,1800
203,2023-07-13,Mesa,Escritório,2,1200,Mariana,Sudeste,2400
204,2024-12-31,Mesa,Escritório,2,1200,Ana,Sul,2400
205,2023-10-30,Cadeira,Escritório,2,900,Lucas,Sul,1800
206,2024-07-08,Mouse,Eletrônicos,5,80,Mariana,Nordeste,400
207,2024-01-18,Cadeira,Escritório,4,900,Mariana,Sudeste,3600
208,2024-02-20,Cadeira,Escritório,3,900,Mariana,Sudeste,2700
209,2023-05-24,Mesa,Escritório,5,1200,Pedro,Sul,6000
210,2024-05-24,Mouse,Eletrônicos,5,80,Pedro,Sul,400
211,2024-10-06,Cadeira,Escritório,4,900,Pedro,Sudeste,3600
212,2023-11-28,Mesa,Escritório,3,1200,Ana,Nordeste,3600
213,2024-07-29,Mesa,Escritório,3,1200,Pedro,Sul,3600
214,2023-06-03,Notebook,Eletrônicos,4,3500,Ana,Nordeste,14000
215,2023-04-10,Teclado,Eletrônicos,4,120,Ana,Sul,480
216,2024-09-24,Teclado,Eletrônicos,3,120,Lucas,Sudeste,360
217,2023-10-09,Monitor,Eletrônicos,3,1800,Ana,Sul,5400
218,2024-06-01,Monitor,Eletrônicos,1,1800,Lucas,Nordeste,1800
219,2024-10-17,Teclado,Eletrônicos,5,120,Pedro,Sudeste,600
220,2024-04-27,Cadeira,Escritório,4,900,Pedro,Sul,3600
221,2024-03-14,Monitor,Eletrônicos,2,1800,Ana,Sudeste,3600
222,2024-02-05,Cadeira,Escritório,5,900,Mariana,Sudeste,4500
223,2024-06-01,Teclado,Eletrônicos,2,120,Ana,Sul,240
224,2024-10-21,Teclado,Eletrônicos,1,120,Ana,Nordeste,120
225,2023-11-18,Mesa,Escritório,1,1200,Pedro,Sudeste,1200
226,2023-12-05,Monitor,Eletrônicos,3,1800,Ana,Sudeste,5400
227,2024-06-11,Teclado,Eletrônicos,3,120,Pedro,Nordeste,360
228,2023-04-01,Monitor,Eletrônicos,5,1800,Lucas,Sul,9000
229,2023-11-29,Mesa,Escritório,2,1200,Mariana,Sudeste,2400
230,2023-06-01,Mouse,Eletrônicos,4,80,Mariana,Sul,320
231,2023-02-23,Teclado,Eletrônicos,1,120,Ana,Nordeste,120
232,2023-05-10,Notebook,Eletrônicos,3,3500,Lucas,Sul,10500
233,2023-10-25,Mesa,Escritório,1,1200,Ana,Nordeste,1200
234,2024-03-08,Cadeira,Escritório,2,900,Mariana,Sul,1800
235,2024-01-31,Teclado,Eletrônicos,2,120,Mariana,Sul,240
236,2023-02-16,Mesa,Escritório,4,1200,Pedro,Sul,4800
237,2024-01-31,Notebook,Eletrônicos,4,3500,Ana,Sudeste,14000
238,2023-02-11,Mesa,Escritório,5,1200,Mariana,Nordeste,6000
239,2023-12-25,Notebook,Eletrônicos,3,3500,Pedro,Sudeste,10500
240,2024-09-08,Mouse,Eletrônicos,4,80,Mariana,Sul,320
241,2023-06-10,Notebook,Eletrônicos,5,3500,Ana,Sudeste,17500
242,2024-08-30,Notebook,Eletrônicos,3,3500,Mariana,Sul,10500
243,2024-10-12,Mesa,Escritório,2,1200,Mariana,Sudeste,2400
244,2023-02-08,Mouse,Eletrônicos,3,80,Pedro,Nordeste,240
245,2024-10-13,Mouse,Eletrônicos,5,80,Lucas,Nordeste,400
246,2024-06-09,Teclado,Eletrônicos,2,120,Lucas,Sudeste,240
247,2024-08-02,Mesa,Escritório,3,1200,Mariana,Sudeste,3600
248,2023-11-20,Notebook,Eletrônicos,5,3500,Ana,Sul,17500
249,2024-12-30,Teclado,Eletrônicos,4,120,Pedro,Sudeste,480
250,2023-01-12,Notebook,Eletrônicos,2,3500,Mariana,Sul,7000
251,2023-09-07,Monitor,Eletrônicos,2,1800,Ana,Sul,3600
252,2023-02-01,Teclado,Eletrônicos,4,120,Mariana,Nordeste,480
253,2024-04-09,Cadeira,Escritório,3,900,Mariana,Sudeste,2700
254,2024-03-07,Mouse,Eletrônicos,1,80,Pedro,Sul,80
255,2023-04-21,Cadeira,Escritório,4,900,Mariana,Sudeste,3600
256,2023-08-23,Teclado,Eletrônicos,1,120,Lucas,Nordeste,120
257,2024-01-17,Mesa,Escritório,4,1200,Pedro,Sudeste,4800
258,2024-07-25,Cadeira,Escritório,4,900,Pedro,Nordeste,3600
259,2023-01-15,Monitor,Eletrônicos,2,1800,Mariana,Nordeste,3600
260,2023-07-19,Mesa,Escritório,3,1200,Mariana,Sudeste,3600
261,2023-01-22,Mouse,Eletrônicos,3,80,Lucas,Sudeste,240
262,2023-12-29,Notebook,Eletrônicos,1,3500,Ana,Nordeste,3500
263,2024-02-17,Notebook,Eletrônicos,3,3500,Ana,Sul,10500
264,2024-02-16,Mouse,Eletrônicos,5,80,Mariana,Nordeste,400
265,2024-05-06,Notebook,Eletrônicos,2,3500,Ana,Nordeste,7000
266,2024-03-21,Cadeira,Escritório,1,900,Lucas,Nordeste,900
267,2024-08-26,Mouse,Eletrônicos,3,80,Pedro,Sudeste,240
268,2024-11-14,Cadeira,Escritório,1,900,Ana,Sul,900
269,2024-11-27,Mouse,Eletrônicos,3,80,Lucas,Sul,240
270,2023-04-30,Cadeira,Escritório,3,900,Ana,Nordeste,2700
271,2024-09-07,Mouse,Eletrônicos,2,80,Lucas,Nordeste,160
272,2023-06-25,Notebook,Eletrônicos,1,3500,Ana,Nordeste,3500
273,2024-01-26,Monitor,Eletrônicos,4,1800,Mariana,Nordeste,7200
274,2024-05-16,Cadeira,Escritório,2,900,Ana,Nordeste,1800
275,2023-07-01,Teclado,Eletrônicos,3,120,Ana,Sudeste,360
276,2023-11-08,Cadeira,Escritório,4,900,Lucas,Sudeste,3600
277,2024-04-16,Mouse,Eletrônicos,4,80,Ana,Sul,320
278,2023-12-02,Cadeira,Escritório,1,900,Mariana,Sudeste,900
279,2024-03-02,Cadeira,Escritório,1,900,Lucas,Nordeste,900
280,2023-04-30,Monitor,Eletrônicos,1,1800,Pedro,Sul,1800
281,2024-07-24,Mouse,Eletrônicos,3,80,Lucas,Nordeste,240
282,2023-02-13,Monitor,Eletrônicos,1,1800,Lucas,Sudeste,1800
283,2024-12-15,Monitor,Eletrônicos,5,1800,Mariana,Sul,9000
284,2023-03-09,Notebook,Eletrônicos,1,3500,Ana,Sul,3500
285,2024-10-04,Notebook,Eletrônicos,2,3500,Pedro,Sul,7000
286,2023-06-09,Mesa,Escritório,5,1200,Ana,Nordeste,6000
287,2024-03-07,Teclado,Eletrônicos,5,120,Pedro,Sudeste,600
288,2023-12-01,Cadeira,Escritório,1,900,Pedro,Nordeste,900
289,2023-02-04,Mesa,Escritório,5,1200,Mariana,Nordeste,6000
290,2023-07-03,Mouse,Eletrônicos,4,80,Lucas,Sul,320
291,2024-02-20,Mouse,Eletrônicos,1,80,Mariana,Sul,80
292,2024-10-22,Mouse,Eletrônicos,5,80,Lucas,Nordeste,400
293,2024-12-21,Mesa,Escritório,5,1200,Ana,Sudeste,6000
294,2023-06-16,Monitor,Eletrônicos,3,1800,Mariana,Sul,5400
295,2023-01-01,Monitor,Eletrônicos,3,1800,Lucas,Nordeste,5400
296,2023-01-21,Notebook,Eletrônicos,2,3500,Mariana,Nordeste,7000
297,2024-10-20,Cadeira,Escritório,2,900,Mariana,Sudeste,1800
298,2023-10-26,Teclado,Eletrônicos,3,120,Lucas,Sul,360
299,2024-03-16,Teclado,Eletrônicos,1,120,Ana,Nordeste,120
300,2024-01-04,Cadeira,Escritório,1,900,Pedro,Sudeste,900
301,2023-10-13,Monitor,Eletrônicos,4,1800,Mariana,Sul,7200
302,2024-08-24,Mouse,Eletrônicos,5,80,Mariana,Sul,400
303,2024-10-22,Notebook,Eletrônicos,2,3500,Pedro,Nordeste,7000
304,2024-10-27,Notebook,Eletrônicos,2,3500,Lucas,Sul,7000
305,2024-10-29,Monitor,Eletrônicos,5,1800,Lucas,Sul,9000
306,2024-08-17,Mouse,Eletrônicos,1,80,Lucas,Sudeste,80
307,2023-02-08,Teclado,Eletrônicos,4,120,Pedro,Nordeste,480
308,2023-11-12,Mesa,Escritório,2,1200,Mariana,Nordeste,2400
309,2023-05-09,Teclado,Eletrônicos,5,120,Lucas,Sudeste,600
310,2023-11-27,Notebook,Eletrônicos,4,3500,Mariana,Nordeste,14000
311,2023-02-21,Cadeira,Escritório,2,900,Pedro,Sul,1800
312,2023-01-21,Notebook,Eletrônicos,3,3500,Lucas,Sudeste,10500
313,2023-04-05,Mesa,Escritório,4,1200,Pedro,Nordeste,4800
314,2024-07-17,Mouse,Eletrônicos,1,80,Pedro,Sul,80
315,2024-08-01,Mouse,Eletrônicos,2,80,Pedro,Sudeste,160
316,2024-06-03,Mesa,Escritório,5,1200,Pedro,Sul,6000
317,2024-12-28,Notebook,Eletrônicos,5,3500,Ana,Sudeste,17500
318,2024-03-13,Teclado,Eletrônicos,1,120,Pedro,Nordeste,120
319,2024-03-07,Mouse,Eletrônicos,2,80,Pedro,Nordeste,160
320,2024-02-14,Mesa,Escritório,5,1200,Ana,Nordeste,6000
321,2024-01-17,Mouse,Eletrônicos,3,80,Ana,Nordeste,240
322,2023-11-04,Teclado,Eletrônicos,3,120,Pedro,Sudeste,360
323,2023-03-18,Cadeira,Escritório,5,900,Lucas,Nordeste,4500
324,2024-11-21,Teclado,Eletrônicos,1,120,Ana,Nordeste,120
325,2024-12-15,Notebook,Eletrônicos,3,3500,Lucas,Sul,10500
326,2024-01-27,Mesa,Escritório,3,1200,Ana,Sul,3600
327,2023-03-22,Teclado,Eletrônicos,3,120,Mariana,Sudeste,360
328,2024-05-19,Cadeira,Escritório,5,900,Lucas,Sul,4500
329,2024-01-07,Mouse,Eletrônicos,3,80,Ana,Nordeste,240
330,2023-12-24,Notebook,Eletrônicos,2,3500,Ana,Sudeste,7000
331,2023-07-25,Teclado,Eletrônicos,5,120,Mariana,Sul,600
332,2023-11-30,Teclado,Eletrônicos,5,120,Pedro,Sudeste,600
333,2024-06-19,Mouse,Eletrônicos,2,80,Pedro,Nordeste,160
334,2024-06-04,Teclado,Eletrônicos,2,120,Pedro,Sudeste,240
335,2023-01-07,Monitor,Eletrônicos,3,1800,Ana,Sul,5400
336,2023-03-10,Teclado,Eletrônicos,5,120,Pedro,Sul,600
337,2023-01-22,Mesa,Escritório,5,1200,Mariana,Sul,6000
338,2024-09-04,Notebook,Eletrônicos,4,3500,Mariana,Sul,14000
339,2024-07-19,Notebook,Eletrônicos,5,3500,Ana,Sudeste,17500
340,2023-02-16,Cadeira,Escritório,3,900,Pedro,Sudeste,2700
341,2024-03-11,Monitor,Eletrônicos,4,1800,Lucas,Sudeste,7200
342,2024-02-22,Monitor,Eletrônicos,3,1800,Lucas,Nordeste,5400
343,2024-06-07,Cadeira,Escritório,1,900,Lucas,Nordeste,900
344,2024-11-27,Mouse,Eletrônicos,1,80,Pedro,Nordeste,80
345,2024-05-26,Teclado,Eletrônicos,1,120,Pedro,Sul,120
346,2024-01-05,Teclado,Eletrônicos,3,120,Ana,Sudeste,360
347,2024-05-16,Monitor,Eletrônicos,1,1800,Ana,Sul,1800
348,2023-05-02,Teclado,Eletrônicos,4,120,Ana,Sudeste,480
349,2023-04-22,Mesa,Escritório,1,1200,Mariana,Nordeste,1200
350,2023-02-03,Mouse,Eletrônicos,4,80,Mariana,Nordeste,320
351,2024-07-25,Mouse,Eletrônicos,4,80,Lucas,Sudeste,320
352,2023-01-17,Cadeira,Escritório,3,900,Pedro,Sul,2700
353,2023-11-17,Mesa,Escritório,1,1200,Lucas,Nordeste,1200
354,2024-03-22,Monitor,Eletrônicos,5,1800,Lucas,Nordeste,9000
355,2023-09-24,Teclado,Eletrônicos,2,120,Ana,Nordeste,240
356,2024-05-09,Teclado,Eletrônicos,5,120,Pedro,Sudeste,600
357,2024-07-01,Monitor,Eletrônicos,2,1800,Mariana,Sudeste,3600
358,2024-07-13,Teclado,Eletrônicos,3,120,Lucas,Sudeste,360
359,2023-03-20,Cadeira,Escritório,5,900,Lucas,Sul,4500
360,2023-10-28,Monitor,Eletrônicos,3,1800,Ana,Sudeste,5400
361,2023-06-30,Teclado,Eletrônicos,2,120,Pedro,Sudeste,240
362,2023-03-23,Notebook,Eletrônicos,2,3500,Ana,Sudeste,7000
363,2023-06-03,Mesa,Escritório,2,1200,Lucas,Sul,2400
364,2024-11-10,Mouse,Eletrônicos,5,80,Mariana,Sudeste,400
365,2023-08-03,Cadeira,Escritório,1,900,Mariana,Nordeste,900
366,2024-10-15,Mouse,Eletrônicos,4,80,Lucas,Nordeste,320
367,2024-01-06,Cadeira,Escritório,3,900,Pedro,Nordeste,2700
368,2024-01-27,Monitor,Eletrônicos,1,1800,Pedro,Sudeste,1800
369,2023-06-08,Teclado,Eletrônicos,3,120,Lucas,Sul,360
370,2023-07-31,Teclado,Eletrônicos,1,120,Mariana,Sul,120
371,2023-05-20,Monitor,Eletrônicos,1,1800,Pedro,Nordeste,1800
372,2023-05-06,Monitor,Eletrônicos,1,1800,Ana,Sudeste,1800
373,2023-01-12,Notebook,Eletrônicos,3,3500,Mariana,Nordeste,10500
374,2023-10-17,Notebook,Eletrônicos,5,3500,Lucas,Nordeste,17500
375,2023-11-15,Cadeira,Escritório,1,900,Mariana,Sudeste,900
376,2024-01-13,Monitor,Eletrônicos,2,1800,Pedro,Sudeste,3600
377,2023-01-01,Mouse,Eletrônicos,2,80,Ana,Sul,160
378,2023-07-20,Notebook,Eletrônicos,3,3500,Lucas,Sul,10500
379,2023-10-16,Notebook,Eletrônicos,1,3500,Ana,Nordeste,3500
380,2023-06-24,Notebook,Eletrônicos,5,3500,Ana,Sudeste,17500
381,2024-03-19,Mouse,Eletrônicos,1,80,Mariana,Nordeste,80
382,2024-09-05,Mesa,Escritório,1,1200,Pedro,Sul,1200
383,2023-11-26,Monitor,Eletrônicos,3,1800,Ana,Sul,5400
384,2023-06-06,Mesa,Escritório,4,1200,Pedro,Nordeste,4800
385,2024-05-28,Cadeira,Escritório,4,900,Lucas,Sudeste,3600
386,2024-12-04,Teclado,Eletrônicos,2,120,Mariana,Nordeste,240
387,2023-12-28,Teclado,Eletrônicos,3,120,Lucas,Nordeste,360
388,2023-07-20,Teclado,Eletrônicos,5,120,Mariana,Sudeste,600
389,2024-09-08,Teclado,Eletrônicos,1,120,Pedro,Nordeste,120
390,2024-04-05,Mouse,Eletrônicos,5,80,Pedro,Nordeste,400
391,2024-07-05,Mesa,Escritório,3,1200,Pedro,Sudeste,3600
392,2023-05-16,Monitor,Eletrônicos,2,1800,Lucas,Sudeste,3600
393,2024-05-26,Mouse,Eletrônicos,2,80,Pedro,Nordeste,160
394,2023-01-23,Mesa,Escritório,5,1200,Mariana,Sul,6000
395,2023-10-18,Teclado,Eletrônicos,4,120,Lucas,Sudeste,480
396,2023-06-23,Mesa,Escritório,4,1200,Ana,Sul,4800
397,2023-11-26,Monitor,Eletrônicos,1,1800,Pedro,Sudeste,1800
398,2023-12-13,Mouse,Eletrônicos,5,80,Pedro,Sudeste,400
399,2024-07-16,Notebook,Eletrônicos,4,3500,Mariana,Sudeste,14000
400,2023-02-25,Mouse,Eletrônicos,1,80,Lucas,Nordeste,80
401,2023-08-06,Cadeira,Escritório,5,900,Lucas,Sul,4500
402,2024-01-02,Mesa,Escritório,3,1200,Mariana,Nordeste,3600
403,2023-09-12,Mouse,Eletrônicos,5,80,Ana,Nordeste,400
404,2024-05-14,Mesa,Escritório,2,1200,Pedro,Sul,2400
405,2024-10-30,Teclado,Eletrônicos,5,120,Ana,Sudeste,600
406,2024-06-30,Notebook,Eletrônicos,4,3500,Pedro,Sul,14000
407,2023-10-12,Mouse,Eletrônicos,1,80,Mariana,Nordeste,80
408,2023-02-10,Teclado,Eletrônicos,5,120,Lucas,Sudeste,600
409,2023-07-03,Monitor,Eletrônicos,4,1800,Ana,Sul,7200
410,2024-05-04,Mouse,Eletrônicos,4,80,Ana,Nordeste,320
411,2023-10-06,Mesa,Escritório,5,1200,Lucas,Sudeste,6000
412,2024-05-31,Cadeira,Escritório,3,900,Mariana,Sul,2700
413,2023-11-25,Teclado,Eletrônicos,3,120,Lucas,Sudeste,360
414,2024-06-06,Mesa,Escritório,4,1200,Lucas,Nordeste,4800
415,2024-09-25,Cadeira,Escritório,3,900,Lucas,Nordeste,2700
416,2024-03-28,Teclado,Eletrônicos,2,120,Lucas,Sul,240
417,2023-02-22,Mouse,Eletrônicos,1,80,Lucas,Nordeste,80
418,2024-01-17,Notebook,Eletrônicos,5,3500,Pedro,Sudeste,17500
419,2023-11-27,Teclado,Eletrônicos,2,120,Mariana,Nordeste,240
420,2023-04-27,Cadeira,Escritório,4,900,Ana,Nordeste,3600
421,2024-06-17,Mouse,Eletrônicos,2,80,Mariana,Sul,160
422,2024-06-28,Cadeira,Escritório,4,900,Pedro,Nordeste,3600
423,2023-06-15,Mesa,Escritório,2,1200,Pedro,Sudeste,2400
424,2023-12-14,Mouse,Eletrônicos,2,80,Pedro,Nordeste,160
425,2024-12-01,Mesa,Escritório,2,1200,Lucas,Nordeste,2400
426,2024-01-20,Monitor,Eletrônicos,1,1800,Ana,Sul,1800
427,2023-04-08,Cadeira,Escritório,4,900,Ana,Sul,3600
428,2023-11-03,Mesa,Escritório,1,1200,Lucas,Sudeste,1200
429,2023-02-23,Notebook,Eletrônicos,3,3500,Lucas,Nordeste,10500
430,2023-09-07,Notebook,Eletrônicos,3,3500,Ana,Sudeste,10500
431,2024-09-04,Cadeira,Escritório,2,900,Pedro,Sul,1800
432,2024-06-03,Mouse,Eletrônicos,1,80,Pedro,Sudeste,80
433,2024-12-19,Cadeira,Escritório,3,900,Pedro,Nordeste,2700
434,2023-10-08,Teclado,Eletrônicos,2,120,Lucas,Sul,240
435,2024-07-09,Monitor,Eletrônicos,3,1800,Mariana,Sul,5400
436,2024-05-23,Mesa,Escritório,4,1200,Ana,Sul,4800
437,2023-07-20,Mouse,Eletrônicos,2,80,Pedro,Sul,160
438,2024-06-29,Mouse,Eletrônicos,3,80,Lucas,Sul,240
439,2024-08-29,Mouse,Eletrônicos,4,80,Lucas,Nordeste,320
440,2023-12-11,Monitor,Eletrônicos,3,1800,Lucas,Sul,5400
441,2024-12-01,Notebook,Eletrônicos,2,3500,Lucas,Nordeste,7000
442,2023-04-23,Mouse,Eletrônicos,4,80,Ana,Sudeste,320
443,2024-10-21,Notebook,Eletrônicos,3,3500,Mariana,Nordeste,10500
444,2024-02-29,Mouse,Eletrônicos,3,80,Pedro,Nordeste,240
445,2024-07-16,Mouse,Eletrônicos,3,80,Lucas,Sudeste,240
446,2024-08-14,Mouse,Eletrônicos,2,80,Lucas,Nordeste,160
447,2024-08-05,Mesa,Escritório,3,1200,Ana,Sul,3600
448,2024-08-26,Notebook,Eletrônicos,4,3500,Lucas,Sul,14000
449,2023-11-03,Mouse,Eletrônicos,3,80,Mariana,Nordeste,240
450,2023-06-27,Notebook,Eletrônicos,1,3500,Ana,Nordeste,3500
451,2024-09-20,Monitor,Eletrônicos,2,1800,Pedro,Sudeste,3600
452,2023-05-09,Notebook,Eletrônicos,4,3500,Lucas,Nordeste,14000
453,2024-10-25,Teclado,Eletrônicos,4,120,Lucas,Sul,480
454,2023-10-27,Mesa,Escritório,4,1200,Mariana,Sul,4800
455,2023-04-19,Mesa,Escritório,1,1200,Mariana,Sul,1200
456,2024-06-04,Notebook,Eletrônicos,4,3500,Ana,Nordeste,14000
457,2023-04-19,Teclado,Eletrônicos,2,120,Mariana,Sul,240
458,2024-10-27,Mouse,Eletrônicos,4,80,Lucas,Sudeste,320
459,2023-11-23,Mouse,Eletrônicos,4,80,Pedro,Nordeste,320
460,2023-09-20,Monitor,Eletrônicos,1,1800,Ana,Nordeste,1800
461,2023-04-03,Mouse,Eletrônicos,2,80,Mariana,Nordeste,160
462,2023-05-10,Mesa,Escritório,5,1200,Lucas,Sul,6000
463,2023-06-05,Notebook,Eletrônicos,3,3500,Lucas,Sudeste,10500
464,2024-12-16,Teclado,Eletrônicos,5,120,Pedro,Sul,600
465,2023-02-26,Teclado,Eletrônicos,2,120,Pedro,Sul,240
466,2024-01-06,Monitor,Eletrônicos,2,1800,Pedro,Sudeste,3600
467,2023-09-08,Mouse,Eletrônicos,2,80,Ana,Sul,160
468,2024-10-10,Cadeira,Escritório,3,900,Lucas,Nordeste,2700
469,2023-06-20,Mesa,Escritório,4,1200,Mariana,Sudeste,4800
470,2024-06-13,Monitor,Eletrônicos,1,1800,Mariana,Sul,1800
471,2023-06-11,Teclado,Eletrônicos,4,120,Pedro,Sul,480
472,2023-11-28,Teclado,Eletrônicos,4,120,Lucas,Sul,480
473,2023-01-24,Notebook,Eletrônicos,1,3500,Lucas,Sudeste,3500
474,2024-06-07,Mesa,Escritório,5,1200,Pedro,Nordeste,6000
475,2024-10-22,Mouse,Eletrônicos,2,80,Lucas,Sul,160
476,2023-08-12,Notebook,Eletrônicos,4,3500,Mariana,Nordeste,14000
477,2024-10-07,Cadeira,Escritório,3,900,Pedro,Sul,2700
478,2024-02-29,Monitor,Eletrônicos,3,1800,Pedro,Sudeste,5400
479,2023-10-28,Mouse,Eletrônicos,3,80,Ana,Sul,240
480,2023-06-03,Monitor,Eletrônicos,3,1800,Lucas,Sul,5400
481,2024-09-06,Cadeira,Escritório,2,900,Mariana,Sudeste,1800
482,2023-12-05,Cadeira,Escritório,1,900,Pedro,Sul,900
483,2024-03-18,Mouse,Eletrônicos,2,80,Ana,Nordeste,160
484,2024-09-14,Monitor,Eletrônicos,4,1800,Ana,Sul,7200
485,2024-08-09,Teclado,Eletrônicos,1,120,Lucas,Sul,120
486,2023-07-08,Mesa,Escritório,2,1200,Pedro,Nordeste,2400
487,2024-11-29,Notebook,Eletrônicos,1,3500,Ana,Nordeste,3500
488,2024-01-27,Monitor,Eletrônicos,4,1800,Lucas,Nordeste,7200
489,2024-07-02,Mesa,Escritório,5,1200,Mariana,Sudeste,6000
490,2023-03-21,Mesa,Escritório,2,1200,Lucas,Sul,2400
491,2024-05-14,Mouse,Eletrônicos,1,80,Mariana,Sudeste,80
492,2024-11-02,Teclado,Eletrônicos,5,120,Ana,Nordeste,600
493,2023-01-31,Mesa,Escritório,5,1200,Pedro,Sudeste,6000
494,2024-09-20,Cadeira,Escritório,5,900,Pedro,Sudeste,4500
495,2023-08-04,Teclado,Eletrônicos,2,120,Ana,Nordeste,240
496,2024-08-15,Mesa,Escritório,3,1200,Mariana,Nordeste,3600
497,2024-04-07,Notebook,Eletrônicos,4,3500,Ana,Sudeste,14000
498,2024-07-30,Notebook,Eletrônicos,1,3500,Mariana,Nordeste,3500
499,2023-07-23,Cadeira,Escritório,5,900,Ana,Nordeste,4500
500,2023-06-25,Teclado,Eletrônicos,4,120,Ana,Nordeste,480
501,2024-12-22,Mesa,Escritório,5,1200,Ana,Sudeste,6000
502,2023-10-19,Mouse,Eletrônicos,5,80,Lucas,Sul,400
503,2024-07-05,Mesa,Escritório,2,1200,Ana,Sul,2400
504,2023-11-02,Mesa,Escritório,1,1200,Mariana,Sudeste,1200
505,2024-11-10,Teclado,Eletrônicos,3,120,Lucas,Sul,360
506,2024-08-04,Teclado,Eletrônicos,3,120,Ana,Sul,360
507,2023-07-24,Mesa,Escritório,3,1200,Mariana,Sul,3600
508,2024-11-15,Mesa,Escritório,4,1200,Ana,Nordeste,4800
509,2023-06-30,Monitor,Eletrônicos,2,1800,Lucas,Nordeste,3600
510,2024-07-20,Mesa,Escritório,2,1200,Lucas,Nordeste,2400
511,2024-04-06,Mouse,Eletrônicos,1,80,Mariana,Nordeste,80
512,2024-02-21,Monitor,Eletrônicos,5,1800,Lucas,Nordeste,9000
513,2023-11-06,Mouse,Eletrônicos,4,80,Ana,Sul,320
514,2024-12-05,Teclado,Eletrônicos,4,120,Lucas,Sul,480
515,2023-08-18,Monitor,Eletrônicos,4,1800,Pedro,Sul,7200
516,2023-08-19,Notebook,Eletrônicos,5,3500,Mariana,Sudeste,17500
517,2023-03-12,Mouse,Eletrônicos,5,80,Mariana,Sudeste,400
518,2023-11-19,Mouse,Eletrônicos,2,80,Lucas,Sudeste,160
519,2024-04-06,Monitor,Eletrônicos,1,1800,Ana,Sudeste,1800
520,2024-08-15,Notebook,Eletrônicos,4,3500,Pedro,Sudeste,14000
521,2024-11-16,Monitor,Eletrônicos,4,1800,Lucas,Sul,7200
522,2023-06-04,Notebook,Eletrônicos,2,3500,Lucas,Nordeste,7000
523,2024-09-20,Mesa,Escritório,2,1200,Pedro,Nordeste,2400
524,2024-04-11,Mesa,Escritório,5,1200,Mariana,Sudeste,6000
525,2024-10-12,Mouse,Eletrônicos,5,80,Mariana,Sul,400
526,2023-01-06,Notebook,Eletrônicos,1,3500,Mariana,Nordeste,3500
527,2023-08-22,Monitor,Eletrônicos,1,1800,Lucas,Nordeste,1800
528,2023-04-07,Teclado,Eletrônicos,5,120,Mariana,Sul,600
529,2023-02-10,Teclado,Eletrônicos,2,120,Mariana,Nordeste,240
530,2024-03-06,Monitor,Eletrônicos,1,1800,Lucas,Nordeste,1800
531,2023-02-08,Mouse,Eletrônicos,5,80,Lucas,Nordeste,400
532,2024-01-16,Notebook,Eletrônicos,1,3500,Mariana,Sul,3500
533,2023-11-12,Mouse,Eletrônicos,1,80,Ana,Sul,80
534,2023-07-21,Mesa,Escritório,1,1200,Ana,Sul,1200
535,2024-12-25,Teclado,Eletrônicos,5,120,Ana,Sul,600
536,2024-10-29,Mouse,Eletrônicos,5,80,Lucas,Sul,400
537,2023-07-19,Mouse,Eletrônicos,5,80,Pedro,Nordeste,400
538,2024-01-21,Notebook,Eletrônicos,3,3500,Lucas,Sudeste,10500
539,2024-07-03,Teclado,Eletrônicos,5,120,Mariana,Nordeste,600
540,2023-09-10,Cadeira,Escritório,5,900,Lucas,Nordeste,4500
541,2024-12-11,Cadeira,Escritório,3,900,Ana,Sul,2700
542,2023-12-10,Cadeira,Escritório,2,900,Mariana,Sul,1800
543,2024-10-16,Mouse,Eletrônicos,3,80,Pedro,Nordeste,240
544,2024-07-08,Cadeira,Escritório,2,900,Ana,Sul,1800
545,2023-06-10,Mesa,Escritório,2,1200,Ana,Sudeste,2400
546,2024-05-31,Notebook,Eletrônicos,4,3500,Ana,Sul,14000
547,2023-02-11,Teclado,Eletrônicos,3,120,Mariana,Nordeste,360
548,2023-07-01,Teclado,Eletrônicos,2,120,Pedro,Nordeste,240
549,2024-05-31,Cadeira,Escritório,1,900,Pedro,Nordeste,900
550,2024-12-01,Mesa,Escritório,2,1200,Mariana,Sul,2400
551,2023-10-19,Notebook,Eletrônicos,4,3500,Lucas,Sul,14000
552,2023-04-21,Monitor,Eletrônicos,3,1800,Lucas,Nordeste,5400
553,2023-08-22,Cadeira,Escritório,1,900,Mariana,Nordeste,900
554,2023-05-24,Mesa,Escritório,1,1200,Mariana,Sul,1200
555,2024-05-09,Cadeira,Escritório,4,900,Mariana,Sul,3600
556,2024-10-28,Mesa,Escritório,3,1200,Pedro,Sul,3600
557,2023-07-24,Mouse,Eletrônicos,1,80,Lucas,Sudeste,80
558,2023-05-10,Notebook,Eletrônicos,4,3500,Pedro,Sudeste,14000
559,2024-10-14,Mouse,Eletrônicos,1,80,Pedro,Nordeste,80
560,2024-04-23,Monitor,Eletrônicos,5,1800,Ana,Nordeste,9000
561,2023-10-03,Mouse,Eletrônicos,1,80,Ana,Nordeste,80
562,2023-02-14,Mesa,Escritório,5,1200,Mariana,Nordeste,6000
563,2024-06-16,Notebook,Eletrônicos,5,3500,Pedro,Sul,17500
564,2023-01-19,Cadeira,Escritório,5,900,Pedro,Sudeste,4500
565,2023-07-04,Notebook,Eletrônicos,2,3500,Mariana,Sul,7000
566,2024-01-29,Cadeira,Escritório,5,900,Pedro,Nordeste,4500
567,2024-06-09,Teclado,Eletrônicos,1,120,Pedro,Sul,120
568,2023-10-20,Monitor,Eletrônicos,4,1800,Lucas,Sul,7200
569,2023-08-27,Teclado,Eletrônicos,1,120,Mariana,Sul,120
570,2023-11-21,Mesa,Escritório,2,1200,Ana,Sudeste,2400
571,2024-05-19,Cadeira,Escritório,4,900,Mariana,Sudeste,3600
572,2023-10-08,Mouse,Eletrônicos,5,80,Lucas,Sul,400
573,2023-01-10,Notebook,Eletrônicos,1,3500,Ana,Nordeste,3500
574,2024-09-01,Cadeira,Escritório,3,900,Ana,Sudeste,2700
575,2023-06-14,Mouse,Eletrônicos,4,80,Mariana,Sudeste,320
576,2024-03-06,Mouse,Eletrônicos,1,80,Lucas,Sudeste,80
577,2024-03-30,Mouse,Eletrônicos,3,80,Lucas,Nordeste,240
578,2023-06-13,Teclado,Eletrônicos,1,120,Ana,Sudeste,120
579,2024-02-08,Notebook,Eletrônicos,3,3500,Lucas,Nordeste,10500
580,2023-07-05,Teclado,Eletrônicos,4,120,Ana,Sul,480
581,2023-11-08,Monitor,Eletrônicos,2,1800,Ana,Sudeste,3600
582,2023-07-17,Mouse,Eletrônicos,5,80,Mariana,Nordeste,400
583,2023-07-27,Cadeira,Escritório,5,900,Pedro,Nordeste,4500
584,2024-07-02,Monitor,Eletrônicos,5,1800,Ana,Sul,9000
585,2023-06-17,Cadeira,Escritório,3,900,Lucas,Sul,2700
586,2023-02-05,Mouse,Eletrônicos,1,80,Ana,Sul,80
587,2024-10-19,Monitor,Eletrônicos,1,1800,Lucas,Nordeste,1800
588,2023-04-07,Mesa,Escritório,1,1200,Mariana,Sul,1200
589,2023-02-09,Mesa,Escritório,3,1200,Ana,Sudeste,3600
590,2024-11-29,Teclado,Eletrônicos,3,120,Lucas,Nordeste,360
591,2023-09-16,Cadeira,Escritório,5,900,Mariana,Sul,4500
592,2024-07-27,Mesa,Escritório,3,1200,Lucas,Sudeste,3600
593,2024-06-22,Mesa,Escritório,3,1200,Lucas,Sul,3600
594,2023-03-21,Monitor,Eletrônicos,3,1800,Pedro,Sul,5400
595,2023-06-28,Teclado,Eletrônicos,1,120,Pedro,Sul,120
596,2023-12-25,Teclado,Eletrônicos,1,120,Pedro,Sul,120
597,2024-06-03,Mouse,Eletrônicos,4,80,Pedro,Nordeste,320
598,2023-06-11,Cadeira,Escritório,3,900,Mariana,Nordeste,2700
599,2024-03-30,Notebook,Eletrônicos,4,3500,Lucas,Sudeste,14000
600,2023-11-25,Teclado,Eletrônicos,1,120,Mariana,Sudeste,120
601,2023-05-28,Cadeira,Escritório,5,900,Lucas,Sudeste,4500
602,2023-01-26,Mouse,Eletrônicos,1,80,Ana,Nordeste,80
603,2023-05-16,Monitor,Eletrônicos,4,1800,Ana,Sul,7200
604,2024-10-11,Mesa,Escritório,4,1200,Pedro,Sudeste,4800
605,2023-03-22,Monitor,Eletrônicos,5,1800,Lucas,Sudeste,9000
606,2023-09-11,Cadeira,Escritório,4,900,Pedro,Sudeste,3600
607,2023-07-03,Teclado,Eletrônicos,5,120,Pedro,Sudeste,600
608,2024-01-16,Teclado,Eletrônicos,4,120,Ana,Sul,480
609,2024-04-16,Mesa,Escritório,4,1200,Mariana,Sul,4800
610,2024-12-03,Monitor,Eletrônicos,2,1800,Pedro,Sudeste,3600
611,2023-12-10,Mouse,Eletrônicos,3,80,Ana,Nordeste,240
612,2023-04-07,Monitor,Eletrônicos,4,1800,Mariana,Sudeste,7200
613,2023-06-20,Monitor,Eletrônicos,3,1800,Pedro,Sul,5400
614,2023-06-09,Monitor,Eletrônicos,2,1800,Pedro,Sudeste,3600
615,2023-06-08,Teclado,Eletrônicos,1,120,Lucas,Sudeste,120
616,2024-08-27,Monitor,Eletrônicos,3,1800,Ana,Sul,5400
617,2024-12-20,Cadeira,Escritório,4,900,Mariana,Sul,3600
618,2024-04-22,Cadeira,Escritório,1,900,Mariana,Nordeste,900
619,2023-02-13,Teclado,Eletrônicos,3,120,Pedro,Sul,360
620,2023-03-09,Notebook,Eletrônicos,4,3500,Mariana,Sul,14000
621,2024-03-08,Monitor,Eletrônicos,3,1800,Ana,Nordeste,5400
622,2024-06-06,Notebook,Eletrônicos,4,3500,Mariana,Sul,14000
623,2023-03-26,Teclado,Eletrônicos,4,120,Pedro,Sudeste,480
624,2023-10-14,Cadeira,Escritório,5,900,Lucas,Sul,4500
625,2024-06-12,Cadeira,Escritório,3,900,Pedro,Sudeste,2700
626,2023-05-29,Mesa,Escritório,3,1200,Ana,Nordeste,3600
627,2024-11-22,Mesa,Escritório,4,1200,Mariana,Nordeste,4800
628,2023-10-06,Teclado,Eletrônicos,4,120,Mariana,Sul,480
629,2024-10-11,Monitor,Eletrônicos,4,1800,Mariana,Nordeste,7200
630,2023-08-09,Teclado,Eletrônicos,1,120,Ana,Sudeste,120
631,2024-05-22,Monitor,Eletrônicos,4,1800,Lucas,Sul,7200
632,2023-06-14,Mouse,Eletrônicos,5,80,Mariana,Sul,400
633,2023-05-14,Mesa,Escritório,5,1200,Mariana,Sul,6000
634,2023-12-21,Cadeira,Escritório,2,900,Mariana,Sul,1800
635,2023-11-11,Mouse,Eletrônicos,2,80,Mariana,Nordeste,160
636,2023-12-31,Notebook,Eletrônicos,5,3500,Pedro,Nordeste,17500
637,2024-05-18,Mesa,Escritório,2,1200,Lucas,Sul,2400
638,2024-01-06,Teclado,Eletrônicos,4,120,Lucas,Sul,480
639,2023-07-02,Mouse,Eletrônicos,5,80,Ana,Sul,400
640,2023-08-13,Monitor,Eletrônicos,4,1800,Ana,Sul,7200
641,2023-12-20,Monitor,Eletrônicos,4,1800,Ana,Sudeste,7200
642,2024-03-02,Notebook,Eletrônicos,2,3500,Ana,Nordeste,7000
643,2024-09-02,Monitor,Eletrônicos,5,1800,Mariana,Nordeste,9000
644,2023-12-18,Notebook,Eletrônicos,3,3500,Ana,Nordeste,10500
645,2023-09-25,Mouse,Eletrônicos,2,80,Lucas,Sudeste,160
646,2023-12-17,Mouse,Eletrônicos,3,80,Pedro,Sul,240
647,2023-04-26,Cadeira,Escritório,4,900,Lucas,Sudeste,3600
648,2023-03-23,Teclado,Eletrônicos,5,120,Mariana,Sudeste,600
649,2024-08-24,Teclado,Eletrônicos,4,120,Mariana,Sul,480
650,2024-10-20,Monitor,Eletrônicos,3,1800,Lucas,Sudeste,5400
651,2023-06-15,Mouse,Eletrônicos,5,80,Lucas,Sul,400
652,2024-10-30,Notebook,Eletrônicos,2,3500,Lucas,Sudeste,7000
653,2023-11-15,Mesa,Escritório,4,1200,Mariana,Nordeste,4800
654,2024-12-18,Mesa,Escritório,3,1200,Lucas,Nordeste,3600
655,2024-04-03,Monitor,Eletrônicos,5,1800,Ana,Sudeste,9000
656,2024-05-26,Monitor,Eletrônicos,4,1800,Mariana,Sudeste,7200
657,2023-08-08,Teclado,Eletrônicos,1,120,Pedro,Nordeste,120
658,2024-11-20,Mesa,Escritório,1,1200,Pedro,Nordeste,1200
659,2024-08-12,Monitor,Eletrônicos,2,1800,Pedro,Sul,3600
660,2024-09-06,Cadeira,Escritório,3,900,Mariana,Nordeste,2700
661,2024-11-13,Notebook,Eletrônicos,5,3500,Pedro,Sudeste,17500
662,2023-02-10,Notebook,Eletrônicos,2,3500,Lucas,Nordeste,7000
663,2023-06-25,Mesa,Escritório,2,1200,Mariana,Sudeste,2400
664,2023-01-31,Monitor,Eletrônicos,1,1800,Pedro,Sudeste,1800
665,2023-09-28,Cadeira,Escritório,5,900,Pedro,Sul,4500
666,2024-07-15,Cadeira,Escritório,1,900,Lucas,Sul,900
667,2023-06-14,Mouse,Eletrônicos,2,80,Pedro,Sudeste,160
668,2024-04-20,Monitor,Eletrônicos,4,1800,Ana,Sul,7200
669,2024-06-13,Cadeira,Escritório,1,900,Pedro,Sul,900
670,2024-01-12,Teclado,Eletrônicos,2,120,Ana,Nordeste,240
671,2024-05-13,Notebook,Eletrônicos,4,3500,Ana,Sudeste,14000
672,2024-10-13,Monitor,Eletrônicos,5,1800,Lucas,Sudeste,9000
673,2024-06-30,Cadeira,Escritório,1,900,Ana,Sudeste,900
674,2023-04-06,Notebook,Eletrônicos,4,3500,Pedro,Sul,14000
675,2024-11-22,Cadeira,Escritório,4,900,Mariana,Nordeste,3600
676,2024-12-07,Cadeira,Escritório,3,900,Ana,Sudeste,2700
677,2024-10-13,Notebook,Eletrônicos,5,3500,Mariana,Sul,17500
678,2023-01-25,Monitor,Eletrônicos,1,1800,Lucas,Nordeste,1800
679,2024-03-04,Mesa,Escritório,1,1200,Lucas,Sul,1200
680,2024-02-22,Teclado,Eletrônicos,2,120,Ana,Sul,240
681,2024-12-19,Mesa,Escritório,1,1200,Lucas,Sul,1200
682,2023-08-16,Cadeira,Escritório,3,900,Lucas,Sul,2700
683,2023-03-20,Teclado,Eletrônicos,1,120,Mariana,Sul,120
684,2024-07-24,Mouse,Eletrônicos,2,80,Pedro,Nordeste,160
685,2024-05-03,Teclado,Eletrônicos,5,120,Pedro,Sudeste,600
686,2024-04-29,Mesa,Escritório,3,1200,Lucas,Sul,3600
687,2024-02-16,Notebook,Eletrônicos,2,3500,Pedro,Sul,7000
688,2023-07-31,Cadeira,Escritório,3,900,Pedro,Sul,2700
689,2024-09-14,Monitor,Eletrônicos,4,1800,Ana,Sul,7200
690,2023-02-03,Mouse,Eletrônicos,4,80,Pedro,Sudeste,320
691,2023-02-21,Mesa,Escritório,4,1200,Pedro,Sul,4800
692,2024-05-29,Monitor,Eletrônicos,3,1800,Pedro,Nordeste,5400
693,2024-03-22,Teclado,Eletrônicos,5,120,Mariana,Nordeste,600
694,2024-05-01,Teclado,Eletrônicos,3,120,Pedro,Sul,360
695,2024-08-30,Mesa,Escritório,4,1200,Lucas,Nordeste,4800
696,2023-02-11,Mouse,Eletrônicos,4,80,Pedro,Sudeste,320
697,2024-08-31,Teclado,Eletrônicos,2,120,Mariana,Sul,240
698,2024-07-10,Notebook,Eletrônicos,5,3500,Lucas,Sul,17500
699,2024-02-19,Monitor,Eletrônicos,5,1800,Ana,Nordeste,9000
700,2024-12-05,Teclado,Eletrônicos,1,120,Pedro,Nordeste,120
701,2024-08-10,Teclado,Eletrônicos,5,120,Mariana,Nordeste,600
702,2024-10-27,Mesa,Escritório,2,1200,Lucas,Sudeste,2400
703,2023-08-22,Mouse,Eletrônicos,5,80,Pedro,Sul,400
704,2024-11-27,Monitor,Eletrônicos,3,1800,Lucas,Nordeste,5400
705,2023-07-05,Teclado,Eletrônicos,5,120,Mariana,Sul,600
706,2023-04-26,Mesa,Escritório,2,1200,Pedro,Nordeste,2400
707,2024-05-19,Monitor,Eletrônicos,3,1800,Lucas,Sul,5400
708,2023-09-15,Teclado,Eletrônicos,4,120,Pedro,Nordeste,480
709,2023-05-17,Notebook,Eletrônicos,4,3500,Mariana,Nordeste,14000
710,2023-01-29,Mouse,Eletrônicos,5,80,Lucas,Sul,400
711,2024-01-20,Notebook,Eletrônicos,2,3500,Lucas,Nordeste,7000
712,2024-05-26,Monitor,Eletrônicos,5,1800,Ana,Sudeste,9000
713,2023-01-16,Notebook,Eletrônicos,5,3500,Pedro,Sul,17500
714,2023-06-28,Mouse,Eletrônicos,1,80,Lucas,Nordeste,80
715,2024-08-18,Teclado,Eletrônicos,5,120,Mariana,Sudeste,600
716,2024-04-27,Mesa,Escritório,5,1200,Lucas,Sul,6000
717,2023-01-17,Teclado,Eletrônicos,1,120,Lucas,Sudeste,120
718,2023-07-11,Mesa,Escritório,5,1200,Ana,Nordeste,6000
719,2024-01-21,Mouse,Eletrônicos,5,80,Mariana,Sudeste,400
720,2024-01-16,Teclado,Eletrônicos,2,120,Mariana,Sudeste,240
721,2023-10-19,Mesa,Escritório,1,1200,Lucas,Sul,1200
722,2024-09-24,Cadeira,Escritório,5,900,Ana,Nordeste,4500
723,2024-05-20,Teclado,Eletrônicos,3,120,Lucas,Sul,360
724,2023-12-02,Teclado,Eletrônicos,5,120,Pedro,Sul,600
725,2023-02-06,Notebook,Eletrônicos,5,3500,Pedro,Sudeste,17500
726,2023-06-16,Notebook,Eletrônicos,4,3500,Pedro,Sudeste,14000
727,2023-02-28,Cadeira,Escritório,2,900,Pedro,Nordeste,1800
728,2023-09-03,Cadeira,Escritório,1,900,Pedro,Sudeste,900
729,2023-02-07,Notebook,Eletrônicos,1,3500,Lucas,Sudeste,3500
730,2023-03-02,Monitor,Eletrônicos,5,1800,Pedro,Sul,9000
731,2023-12-31,Mesa,Escritório,2,1200,Mariana,Sul,2400
732,2023-02-08,Mesa,Escritório,4,1200,Mariana,Nordeste,4800
733,2023-01-31,Teclado,Eletrônicos,4,120,Ana,Nordeste,480
734,2023-11-05,Notebook,Eletrônicos,2,3500,Mariana,Nordeste,7000
735,2023-03-05,Teclado,Eletrônicos,2,120,Lucas,Sudeste,240
736,2023-06-29,Notebook,Eletrônicos,1,3500,Lucas,Sudeste,3500
737,2024-01-13,Mouse,Eletrônicos,3,80,Pedro,Sudeste,240
738,2023-01-04,Cadeira,Escritório,1,900,Ana,Sudeste,900
739,2024-12-05,Notebook,Eletrônicos,3,3500,Lucas,Sul,10500
740,2024-09-19,Teclado,Eletrônicos,3,120,Pedro,Nordeste,360
741,2023-11-17,Monitor,Eletrônicos,1,1800,Pedro,Nordeste,1800
742,2023-07-09,Notebook,Eletrônicos,2,3500,Mariana,Nordeste,7000
743,2023-03-22,Mesa,Escritório,5,1200,Pedro,Sudeste,6000
744,2024-02-08,Teclado,Eletrônicos,4,120,Pedro,Sul,480
745,2024-11-15,Mesa,Escritório,3,1200,Lucas,Nordeste,3600
746,2024-07-13,Mouse,Eletrônicos,2,80,Lucas,Sudeste,160
747,2024-09-05,Notebook,Eletrônicos,4,3500,Lucas,Sudeste,14000
748,2023-10-15,Monitor,Eletrônicos,5,1800,Pedro,Nordeste,9000
749,2023-12-12,Mesa,Escritório,3,1200,Pedro,Nordeste,3600
750,2023-01-07,Teclado,Eletrônicos,2,120,Ana,Sul,240
751,2024-07-24,Cadeira,Escritório,4,900,Lucas,Sudeste,3600
752,2024-04-23,Teclado,Eletrônicos,1,120,Pedro,Sudeste,120
753,2024-05-21,Mouse,Eletrônicos,3,80,Lucas,Nordeste,240
754,2023-04-07,Mouse,Eletrônicos,3,80,Lucas,Sul,240
755,2023-09-02,Notebook,Eletrônicos,1,3500,Ana,Sudeste,3500
756,2024-09-11,Mouse,Eletrônicos,2,80,Ana,Sul,160
757,2024-03-27,Monitor,Eletrônicos,5,1800,Ana,Nordeste,9000
758,2024-08-07,Monitor,Eletrônicos,1,1800,Ana,Nordeste,1800
759,2023-11-17,Mesa,Escritório,2,1200,Lucas,Nordeste,2400
760,2024-03-03,Mouse,Eletrônicos,5,80,Pedro,Sudeste,400
761,2024-03-12,Cadeira,Escritório,2,900,Ana,Nordeste,1800
762,2024-12-03,Monitor,Eletrônicos,5,1800,Mariana,Sudeste,9000
763,2024-11-18,Teclado,Eletrônicos,5,120,Mariana,Nordeste,600
764,2023-09-22,Notebook,Eletrônicos,1,3500,Ana,Sudeste,3500
765,2024-02-29,Mesa,Escritório,2,1200,Pedro,Sul,2400
766,2023-07-08,Cadeira,Escritório,3,900,Ana,Nordeste,2700
767,2024-09-01,Monitor,Eletrônicos,5,1800,Pedro,Sul,9000
768,2023-05-16,Mesa,Escritório,4,1200,Lucas,Sul,4800
769,2024-11-06,Teclado,Eletrônicos,3,120,Ana,Sul,360
770,2023-07-15,Cadeira,Escritório,1,900,Lucas,Sudeste,900
771,2023-09-18,Notebook,Eletrônicos,2,3500,Ana,Sul,7000
772,2023-09-13,Monitor,Eletrônicos,3,1800,Mariana,Sudeste,5400
773,2023-10-15,Mouse,Eletrônicos,4,80,Pedro,Nordeste,320
774,2023-09-20,Teclado,Eletrônicos,1,120,Mariana,Sudeste,120
775,2024-12-04,Mesa,Escritório,3,1200,Pedro,Sul,3600
776,2024-09-17,Cadeira,Escritório,2,900,Ana,Sul,1800
777,2023-08-29,Monitor,Eletrônicos,5,1800,Mariana,Sudeste,9000
778,2024-04-30,Mesa,Escritório,3,1200,Ana,Sul,3600
779,2023-08-20,Mouse,Eletrônicos,3,80,Mariana,Nordeste,240
780,2024-02-04,Mesa,Escritório,5,1200,Pedro,Sudeste,6000
781,2024-11-04,Teclado,Eletrônicos,2,120,Lucas,Nordeste,240
782,2024-06-28,Mesa,Escritório,4,1200,Ana,Sudeste,4800
783,2023-09-06,Monitor,Eletrônicos,3,1800,Lucas,Sudeste,5400
784,2024-07-28,Mouse,Eletrônicos,1,80,Ana,Sudeste,80
785,2024-10-15,Teclado,Eletrônicos,4,120,Mariana,Nordeste,480
786,2024-02-14,Notebook,Eletrônicos,3,3500,Pedro,Sul,10500
787,2024-03-03,Mesa,Escritório,2,1200,Pedro,Sul,2400
788,2024-05-21,Notebook,Eletrônicos,5,3500,Pedro,Sul,17500
789,2024-10-26,Mesa,Escritório,5,1200,Pedro,Sul,6000
790,2023-08-09,Notebook,Eletrônicos,1,3500,Lucas,Nordeste,3500
791,2024-09-09,Mesa,Escritório,2,1200,Mariana,Nordeste,2400
792,2024-04-11,Monitor,Eletrônicos,4,1800,Ana,Sul,7200
793,2024-02-29,Teclado,Eletrônicos,1,120,Pedro,Sudeste,120
794,2023-06-28,Mouse,Eletrônicos,5,80,Mariana,Sul,400
795,2023-10-02,Mouse,Eletrônicos,5,80,Mariana,Nordeste,400
796,2024-05-19,Monitor,Eletrônicos,3,1800,Ana,Sul,5400
797,2024-09-17,Mouse,Eletrônicos,1,80,Lucas,Sudeste,80
798,2024-04-21,Notebook,Eletrônicos,3,3500,Lucas,Nordeste,10500
799,2024-04-14,Teclado,Eletrônicos,4,120,Lucas,Nordeste,480
800,2024-12-16,Teclado,Eletrônicos,1,120,Ana,Sudeste,120
801,2023-01-29,Mouse,Eletrônicos,1,80,Ana,Nordeste,80
802,2024-03-19,Teclado,Eletrônicos,1,120,Ana,Nordeste,120
803,2023-01-04,Mesa,Escritório,4,1200,Lucas,Nordeste,4800
804,2023-11-28,Monitor,Eletrônicos,5,1800,Lucas,Nordeste,9000
805,2023-10-22,Mouse,Eletrônicos,4,80,Ana,Sul,320
806,2024-08-22,Notebook,Eletrônicos,3,3500,Lucas,Sul,10500
807,2024-04-09,Mouse,Eletrônicos,1,80,Mariana,Sul,80
808,2023-05-20,Mouse,Eletrônicos,5,80,Mariana,Sul,400
809,2023-07-13,Teclado,Eletrônicos,1,120,Ana,Sul,120
810,2024-05-12,Mouse,Eletrônicos,1,80,Mariana,Sudeste,80
811,2024-01-29,Mouse,Eletrônicos,5,80,Pedro,Sudeste,400
812,2024-02-21,Monitor,Eletrônicos,1,1800,Ana,Sul,1800
813,2024-11-11,Notebook,Eletrônicos,1,3500,Lucas,Nordeste,3500
814,2024-09-05,Teclado,Eletrônicos,2,120,Ana,Nordeste,240
815,2023-08-08,Monitor,Eletrônicos,4,1800,Ana,Sul,7200
816,2023-07-16,Notebook,Eletrônicos,1,3500,Ana,Sudeste,3500
817,2024-01-05,Monitor,Eletrônicos,3,1800,Lucas,Sul,5400
818,2024-06-17,Monitor,Eletrônicos,2,1800,Ana,Sul,3600
819,2023-02-01,Notebook,Eletrônicos,2,3500,Mariana,Nordeste,7000
820,2023-10-18,Monitor,Eletrônicos,1,1800,Pedro,Sudeste,1800
821,2024-05-21,Notebook,Eletrônicos,2,3500,Lucas,Sudeste,7000
822,2023-01-30,Teclado,Eletrônicos,4,120,Pedro,Sudeste,480
823,2023-04-20,Mouse,Eletrônicos,1,80,Ana,Sul,80
824,2023-11-04,Monitor,Eletrônicos,3,1800,Lucas,Nordeste,5400
825,2023-08-23,Mesa,Escritório,1,1200,Ana,Sul,1200
826,2023-04-11,Notebook,Eletrônicos,2,3500,Mariana,Nordeste,7000
827,2024-10-31,Monitor,Eletrônicos,3,1800,Lucas,Sul,5400
828,2024-02-06,Cadeira,Escritório,2,900,Mariana,Nordeste,1800
829,2024-07-05,Notebook,Eletrônicos,5,3500,Ana,Sudeste,17500
830,2024-08-22,Mesa,Escritório,5,1200,Pedro,Nordeste,6000
831,2024-02-01,Cadeira,Escritório,4,900,Lucas,Sudeste,3600
832,2023-03-31,Monitor,Eletrônicos,1,1800,Mariana,Nordeste,1800
833,2023-11-04,Monitor,Eletrônicos,5,1800,Ana,Sudeste,9000
834,2023-03-04,Cadeira,Escritório,5,900,Ana,Nordeste,4500
835,2023-07-03,Teclado,Eletrônicos,1,120,Lucas,Sudeste,120
836,2024-11-22,Mouse,Eletrônicos,4,80,Pedro,Nordeste,320
837,2024-07-12,Teclado,Eletrônicos,5,120,Pedro,Nordeste,600
838,2024-11-02,Teclado,Eletrônicos,4,120,Pedro,Nordeste,480
839,2024-12-06,Teclado,Eletrônicos,5,120,Ana,Nordeste,600
840,2024-06-24,Monitor,Eletrônicos,2,1800,Ana,Sudeste,3600
841,2023-01-27,Teclado,Eletrônicos,1,120,Lucas,Sul,120
842,2023-06-02,Notebook,Eletrônicos,4,3500,Mariana,Sul,14000
843,2023-06-13,Teclado,Eletrônicos,5,120,Ana,Sul,600
844,2023-05-21,Teclado,Eletrônicos,3,120,Lucas,Sudeste,360
845,2024-04-15,Teclado,Eletrônicos,1,120,Pedro,Sudeste,120
846,2023-01-27,Mesa,Escritório,5,1200,Mariana,Nordeste,6000
847,2024-12-28,Cadeira,Escritório,5,900,Lucas,Sudeste,4500
848,2024-01-13,Monitor,Eletrônicos,4,1800,Lucas,Sul,7200
849,2024-06-17,Cadeira,Escritório,2,900,Lucas,Sudeste,1800
850,2024-04-23,Notebook,Eletrônicos,3,3500,Pedro,Sul,10500
851,2024-02-24,Notebook,Eletrônicos,4,3500,Lucas,Nordeste,14000
852,2023-09-12,Mouse,Eletrônicos,2,80,Mariana,Sul,160
853,2024-03-31,Monitor,Eletrônicos,4,1800,Ana,Sudeste,7200
854,2023-11-09,Mesa,Escritório,1,1200,Lucas,Nordeste,1200
855,2023-03-29,Notebook,Eletrônicos,2,3500,Pedro,Nordeste,7000
856,2023-03-30,Monitor,Eletrônicos,1,1800,Lucas,Sul,1800
857,2024-03-29,Cadeira,Escritório,3,900,Pedro,Sudeste,2700
858,2023-10-14,Mouse,Eletrônicos,2,80,Lucas,Sul,160
859,2023-07-25,Notebook,Eletrônicos,1,3500,Lucas,Sul,3500
860,2023-07-22,Mouse,Eletrônicos,5,80,Pedro,Sul,400
861,2024-01-15,Mesa,Escritório,4,1200,Mariana,Sul,4800
862,2023-01-04,Notebook,Eletrônicos,1,3500,Pedro,Nordeste,3500
863,2024-12-13,Teclado,Eletrônicos,2,120,Pedro,Sul,240
864,2024-05-17,Cadeira,Escritório,3,900,Ana,Sul,2700
865,2024-06-09,Monitor,Eletrônicos,4,1800,Lucas,Sul,7200
866,2023-06-03,Notebook,Eletrônicos,4,3500,Mariana,Sul,14000
867,2024-02-09,Notebook,Eletrônicos,5,3500,Ana,Sul,17500
868,2024-02-21,Teclado,Eletrônicos,3,120,Lucas,Sudeste,360
869,2023-12-22,Notebook,Eletrônicos,4,3500,Lucas,Sudeste,14000
870,2024-04-20,Mesa,Escritório,5,1200,Lucas,Nordeste,6000
871,2024-12-15,Mesa,Escritório,2,1200,Ana,Nordeste,2400
872,2023-07-20,Monitor,Eletrônicos,2,1800,Pedro,Nordeste,3600
873,2023-02-01,Teclado,Eletrônicos,4,120,Pedro,Sudeste,480
874,2023-11-28,Monitor,Eletrônicos,1,1800,Pedro,Nordeste,1800
875,2024-04-30,Teclado,Eletrônicos,2,120,Pedro,Sudeste,240
876,2024-04-02,Mouse,Eletrônicos,3,80,Lucas,Nordeste,240
877,2023-10-11,Mesa,Escritório,3,1200,Ana,Sudeste,3600
878,2024-03-24,Mouse,Eletrônicos,1,80,Ana,Sul,80
879,2024-03-05,Cadeira,Escritório,3,900,Mariana,Nordeste,2700
880,2024-05-14,Mouse,Eletrônicos,5,80,Ana,Nordeste,400
881,2024-11-20,Notebook,Eletrônicos,3,3500,Lucas,Sudeste,10500
882,2023-04-18,Cadeira,Escritório,2,900,Pedro,Nordeste,1800
883,2023-01-22,Mouse,Eletrônicos,5,80,Ana,Sudeste,400
884,2023-09-28,Teclado,Eletrônicos,2,120,Ana,Nordeste,240
885,2023-11-27,Notebook,Eletrônicos,5,3500,Lucas,Nordeste,17500
886,2024-01-26,Mouse,Eletrônicos,3,80,Lucas,Sul,240
887,2024-05-10,Cadeira,Escritório,4,900,Pedro,Sul,3600
888,2024-01-31,Cadeira,Escritório,2,900,Pedro,Sudeste,1800
889,2023-08-08,Teclado,Eletrônicos,4,120,Mariana,Nordeste,480
890,2024-10-20,Teclado,Eletrônicos,5,120,Mariana,Sul,600
891,2024-03-18,Teclado,Eletrônicos,5,120,Lucas,Sudeste,600
892,2023-09-14,Teclado,Eletrônicos,3,120,Ana,Sul,360
893,2024-08-07,Teclado,Eletrônicos,1,120,Ana,Sudeste,120
894,2024-08-28,Cadeira,Escritório,5,900,Lucas,Nordeste,4500
895,2024-01-13,Monitor,Eletrônicos,5,1800,Lucas,Nordeste,9000
896,2024-06-13,Monitor,Eletrônicos,5,1800,Pedro,Sudeste,9000
897,2023-09-27,Mesa,Escritório,5,1200,Mariana,Nordeste,6000
898,2024-01-26,Monitor,Eletrônicos,3,1800,Mariana,Sul,5400
899,2024-03-04,Mesa,Escritório,3,1200,Lucas,Sudeste,3600
900,2024-12-20,Notebook,Eletrônicos,3,3500,Lucas,Sul,10500
901,2024-10-02,Notebook,Eletrônicos,2,3500,Lucas,Sudeste,7000
902,2023-11-12,Mesa,Escritório,3,1200,Mariana,Nordeste,3600
903,2023-06-20,Teclado,Eletrônicos,4,120,Pedro,Nordeste,480
904,2023-10-05,Mouse,Eletrônicos,4,80,Mariana,Sudeste,320
905,2024-05-21,Teclado,Eletrônicos,2,120,Pedro,Sudeste,240
906,2024-03-02,Cadeira,Escritório,1,900,Ana,Sudeste,900
907,2024-06-02,Monitor,Eletrônicos,2,1800,Ana,Sul,3600
908,2023-06-11,Teclado,Eletrônicos,2,120,Ana,Sul,240
909,2024-06-07,Notebook,Eletrônicos,4,3500,Mariana,Sudeste,14000
910,2024-11-10,Monitor,Eletrônicos,2,1800,Lucas,Sudeste,3600
911,2024-08-23,Teclado,Eletrônicos,1,120,Ana,Sul,120
912,2023-04-28,Mesa,Escritório,3,1200,Ana,Sul,3600
913,2023-06-20,Cadeira,Escritório,4,900,Mariana,Nordeste,3600
914,2023-05-16,Teclado,Eletrônicos,2,120,Pedro,Sul,240
915,2024-11-10,Mesa,Escritório,5,1200,Mariana,Sudeste,6000
916,2024-09-19,Notebook,Eletrônicos,4,3500,Lucas,Sudeste,14000
917,2024-02-03,Monitor,Eletrônicos,5,1800,Ana,Sul,9000
918,2023-10-14,Cadeira,Escritório,1,900,Lucas,Sul,900
919,2023-09-21,Notebook,Eletrônicos,3,3500,Ana,Nordeste,10500
920,2024-11-24,Monitor,Eletrônicos,4,1800,Lucas,Sudeste,7200
921,2023-02-12,Notebook,Eletrônicos,3,3500,Mariana,Sudeste,10500
922,2023-06-14,Mesa,Escritório,4,1200,Mariana,Nordeste,4800
923,2023-05-01,Mesa,Escritório,1,1200,Ana,Sul,1200
924,2023-04-28,Monitor,Eletrônicos,4,1800,Ana,Sul,7200
925,2024-03-18,Notebook,Eletrônicos,5,3500,Ana,Nordeste,17500
926,2024-01-20,Teclado,Eletrônicos,2,120,Lucas,Sudeste,240
927,2024-06-06,Monitor,Eletrônicos,5,1800,Ana,Sul,9000
928,2023-09-11,Cadeira,Escritório,1,900,Ana,Nordeste,900
929,2023-06-09,Teclado,Eletrônicos,3,120,Ana,Sudeste,360
930,2024-02-19,Monitor,Eletrônicos,5,1800,Mariana,Sudeste,9000
931,2024-12-14,Mouse,Eletrônicos,2,80,Lucas,Nordeste,160
932,2024-10-07,Mouse,Eletrônicos,3,80,Pedro,Nordeste,240
933,2024-03-17,Notebook,Eletrônicos,5,3500,Pedro,Sudeste,17500
934,2023-10-25,Mesa,Escritório,5,1200,Lucas,Sudeste,6000
935,2024-03-10,Monitor,Eletrônicos,4,1800,Ana,Sudeste,7200
936,2024-08-30,Monitor,Eletrônicos,3,1800,Lucas,Sudeste,5400
937,2024-11-09,Mesa,Escritório,3,1200,Mariana,Nordeste,3600
938,2024-06-03,Mouse,Eletrônicos,3,80,Ana,Nordeste,240
939,2024-04-17,Mesa,Escritório,2,1200,Ana,Sul,2400
940,2024-10-31,Mesa,Escritório,1,1200,Mariana,Sudeste,1200
941,2024-02-08,Cadeira,Escritório,3,900,Ana,Sul,2700
942,2024-05-04,Teclado,Eletrônicos,2,120,Pedro,Sul,240
943,2023-01-29,Cadeira,Escritório,4,900,Mariana,Nordeste,3600
944,2023-12-12,Notebook,Eletrônicos,5,3500,Pedro,Nordeste,17500
945,2023-03-18,Teclado,Eletrônicos,3,120,Pedro,Nordeste,360
946,2023-05-30,Notebook,Eletrônicos,4,3500,Pedro,Nordeste,14000
947,2023-11-01,Cadeira,Escritório,1,900,Ana,Sul,900
948,2023-10-29,Mesa,Escritório,1,1200,Lucas,Nordeste,1200
949,2023-09-15,Mesa,Escritório,3,1200,Ana,Sul,3600
950,2024-12-24,Mouse,Eletrônicos,1,80,Lucas,Sudeste,80
951,2024-09-03,Notebook,Eletrônicos,1,3500,Mariana,Nordeste,3500
952,2024-05-27,Monitor,Eletrônicos,3,1800,Mariana,Sul,5400
953,2023-05-13,Mesa,Escritório,4,1200,Ana,Nordeste,4800
954,2024-12-31,Monitor,Eletrônicos,5,1800,Lucas,Sul,9000
955,2023-09-28,Cadeira,Escritório,2,900,Pedro,Sudeste,1800
956,2023-12-20,Monitor,Eletrônicos,5,1800,Mariana,Sul,9000
957,2023-07-27,Mesa,Escritório,5,1200,Lucas,Nordeste,6000
958,2023-09-30,Notebook,Eletrônicos,3,3500,Ana,Sul,10500
959,2024-09-08,Monitor,Eletrônicos,2,1800,Pedro,Sudeste,3600
960,2023-12-23,Cadeira,Escritório,3,900,Pedro,Sul,2700
961,2024-03-29,Monitor,Eletrônicos,4,1800,Mariana,Sul,7200
962,2024-02-07,Monitor,Eletrônicos,3,1800,Lucas,Sul,5400
963,2023-11-19,Notebook,Eletrônicos,2,3500,Ana,Sul,7000
964,2024-06-27,Mouse,Eletrônicos,1,80,Ana,Nordeste,80
965,2024-11-02,Teclado,Eletrônicos,2,120,Pedro,Nordeste,240
966,2024-12-31,Mesa,Escritório,3,1200,Mariana,Sul,3600
967,2023-09-12,Cadeira,Escritório,4,900,Ana,Nordeste,3600
968,2023-11-18,Mesa,Escritório,1,1200,Pedro,Nordeste,1200
969,2023-07-26,Cadeira,Escritório,4,900,Pedro,Sudeste,3600
970,2023-02-10,Monitor,Eletrônicos,5,1800,Lucas,Sul,9000
971,2024-09-10,Monitor,Eletrônicos,3,1800,Lucas,Sul,5400
972,2024-09-04,Monitor,Eletrônicos,5,1800,Pedro,Sudeste,9000
973,2023-09-12,Mouse,Eletrônicos,3,80,Lucas,Nordeste,240
974,2023-10-16,Cadeira,Escritório,4,900,Ana,Nordeste,3600
975,2024-12-02,Notebook,Eletrônicos,1,3500,Ana,Sul,3500
976,2024-05-12,Monitor,Eletrônicos,2,1800,Ana,Sudeste,3600
977,2023-05-19,Mouse,Eletrônicos,2,80,Ana,Nordeste,160
978,2023-12-31,Monitor,Eletrônicos,4,1800,Mariana,Sul,7200
979,2023-09-10,Mouse,Eletrônicos,4,80,Mariana,Sudeste,320
980,2024-05-29,Mesa,Escritório,2,1200,Mariana,Sul,2400
981,2024-01-11,Monitor,Eletrônicos,2,1800,Mariana,Nordeste,3600
982,2024-12-30,Mesa,Escritório,1,1200,Lucas,Nordeste,1200
983,2023-11-03,Mesa,Escritório,2,1200,Pedro,Nordeste,2400
984,2023-02-09,Cadeira,Escritório,3,900,Pedro,Sul,2700
985,2024-10-02,Mouse,Eletrônicos,1,80,Pedro,Sul,80
986,2023-01-29,Cadeira,Escritório,1,900,Pedro,Sudeste,900
987,2024-10-17,Monitor,Eletrônicos,3,1800,Ana,Nordeste,5400
988,2024-05-24,Notebook,Eletrônicos,4,3500,Pedro,Sudeste,14000
989,2023-11-07,Teclado,Eletrônicos,2,120,Pedro,Sudeste,240
990,2023-09-15,Notebook,Eletrônicos,5,3500,Ana,Nordeste,17500
991,2023-10-03,Monitor,Eletrônicos,4,1800,Mariana,Sudeste,7200
992,2024-12-24,Notebook,Eletrônicos,1,3500,Lucas,Nordeste,3500
993,2023-12-23,Notebook,Eletrônicos,1,3500,Mariana,Sudeste,3500
994,2024-01-22,Notebook,Eletrônicos,2,3500,Pedro,Sudeste,7000
995,2024-05-19,Mouse,Eletrônicos,5,80,Mariana,Sudeste,400
996,2024-08-02,Notebook,Eletrônicos,3,3500,Lucas,Sudeste,10500
997,2023-10-03,Cadeira,Escritório,1,900,Lucas,Sudeste,900
998,2023-01-09,Mouse,Eletrônicos,5,80,Mariana,Nordeste,400
999,2024-03-29,Monitor,Eletrônicos,5,1800,Ana,Sul,9000
1000,2024-02-26,Mesa,Escritório,1,1200,Pedro,Nordeste,1200
